Vermont,Montpelier is the capital of
Utah,Salt Lake City is the capital of
Delaware,Dover is the capital of
Montana,Helena is the capital of
Florida,Tallahassee is the capital of
Louisiana,Baton Rouge is the capital of
Oklahoma,Oklahoma City is the capital of
West Virginia,Charleston is the capital of
New Mexico,Santa Fe is the capital of
Virginia,Richmond is the capital of
Colorado,Denver is the capital of
Idaho,Boise is the capital of
Tennessee,Nashville is the capital of
Pennsylvania,Harrisburg is the capital of
North Dakota,Bismarck is the capital of
Alabama,Montgomery is the capital of
Massachusetts,Boston is the capital of
Nevada,Carson City is the capital of
Ohio,Columbus is the capital of
Kansas,Topeka is the capital of
Michigan,Lansing is the capital of
New York,Albany is the capital of
Wisconsin,Madison is the capital of
Nebraska,Lincoln is the capital of
Georgia,Atlanta is the capital of
Texas,Austin is the capital of
Illinois,Springfield is the capital of
Arkansas,Little Rock is the capital of
North Carolina,Raleigh is the capital of
Maine,Augusta is the capital of
South Carolina,Columbia is the capital of
Wyoming,Cheyenne is the capital of
Missouri,Jefferson City is the capital of
Arizona,Phoenix is the capital of
Indiana,Indianapolis is the capital of
South Dakota,Pierre is the capital of
Iowa,Des Moines is the capital of
Alaska,Juneau is the capital of
New Jersey,Trenton is the capital of
California,Sacramento is the capital of
Mississippi,Jackson is the capital of
Minnesota,St. Paul is the capital of
Connecticut,Hartford is the capital of
Kentucky,Frankfort is the capital of
Rhode Island,Providence is the capital of
New Hampshire,Concord is the capital of
Maryland,Annapolis is the capital of
Hawaii,Honolulu is the capital of
Oregon,Salem is the capital of
Washington,Olympia is the capital of
Salt Lake City,What is the capital of Utah?
Lansing,What is the capital of Michigan?
Augusta,What is the capital of Maine?
Jackson,What is the capital of Mississippi?
Dover,What is the capital of Deleware?
Madison,What is the capital of Wisconsin?
Indianapolis,What is the capital of Indiana?
Phoenix,What is the capital of Arizona?
Oklahoma City,What is the capital of Oklahoma?
Richmond,What is the capital of Virginia?
Helena,What is the capital of Montana?
Nashville,What is the capital of Tennessee?
Springfield,What is the capital of Illinois?
Topeka,What is the capital of Kansas?
St. Paul,What is the capital of Minnesota?
Raleigh,What is the capital of North Carolina?
Tallahassee,What is the capital of Florida?
Boston,What is the capital of Massachusetts?
Baton Rouge,What is the capital of Louisiana?
Trenton,What is the capital of New Jersey?
Atlanta,What is the capital of Georgia?
Boise,What is the capital of Idaho?
Columbus,What is the capital of Ohio?
Hartford,What is the capital of Connecticut?
Salem,What is the capital of Oregon?
Lincoln,What is the capital of Nebraska?
Annapolis,What is the capital of Maryland?
Harrisburg,What is the capital of Pennsylvania?
Frankfort,What is the capital of Kentucky?
Albany,What is the capital of New York?
Carson City,What is the capital of Nevada?
Denver,What is the capital of Colorado?
Pierre,What is the capital of South Dakota?
Juneau,What is the capital of Alaska?
Sacramento,What is the capital of California?
Olympia,What is the capital of Washington?
Austin,What is the capital of Texas?
Des Moines,What is the capital of Iowa?
Montgomery,What is the capital of Alabama?
Concord,What is the capital of New Hampshire?
Bismarck,What is the capital of North Dakota?
Cheyenne,What is the capital of Wyoming?
Honolulu,What is the capital of Hawaii?
Charleston,What is the capital of West Virginia?
Jefferson City,What is the capital of Missouri?
Columbia,What is the capital of South Carolina?
Montpelier,What is the capital of Vermont?
Santa Fe,What is the capital of New Mexico?
Little Rock,What is the capital of Arkansas?
Providence,What is the capital of Rhode Island?
