Renaissance,Rebirth
Patrons,Supporter
Humanities,Subjects about human kind and culture not science
Printing Press,Metal pieces arranged with letters
Fresco,Water-color paintings on wet plaster
Reformation,Movement to reform the church
Protestants,Religious thinkers that challenge the Authority of the church
Indulgences,Pardon from the church
Counter-Reformation,Catholic Reformation
Line of Demarcation,Cut through the Atlantic Ocean to divide Spain and Portugal
Circumnavigate,To sail around the earth
Conquistadors,"Conquerors seeking fame, gold, land, and adventure using any means to get it"
Viceroy,A representative
Northwest Passage,A thought to exist water way through North America to Asia
Privateers,Private ships authorized to attack enemy shipping
Puritans,Believed the Church of England didn't reform the church enough
Legislatures,Lawmaking bodies
Medici,Biggest supporting family
Machiavelli,A ruler should do whatever is necessary to gain power
Johann Gutenberg,Credited with printing of the first book
Erasmus,Catholic Priest
Sir Thomas More,Scholar and wrote Utopia
Cervantes,Soldier and tax collector. Wrote Don Quixote
Rabelias,Monk and scholar and physician. Encouraged living life to the fullest. Used stories to teach about education and religion.
Shakespeare,"Actor, poet, and playwright. Wrote Hamlet. Romeo and Juliet and A midsummer Night's dream"
Dante,"""Divine"" comedy. Hell, purgatory, paradise"
Chaucer,"Canterbury tales, used lots of expression and description"
Leonardo da Vinci,"Mona lisa, The last supper, Man ahead of his time"
Michelangelo,"Sculptor, Statue of David, the first of arts, Pieta - Mary holding Jesus"
Raphael,"Pictures of Mary, Madonna's, School of Athens"
Brueghel,"Uses bright colors for lively scenes, Paintings of everyday people in different activities. Painted ""Hunters in the Snow"""
Albrecht D�Eer,"German Leonardo, painter, engraver, and wood cuts"
Hans Holbien,"Painted portraits, famous for his friends - Erasmus and Sir Thomas More."
Jan van Eyke,"Invented oil paint, towns people, high attention to detail"
Martin Luther,"German Monk, Teacher at the University or Wittenberg, October 31, 1517 - Posted 95 Thesis"
John Calvin,"Bible is the supreme authority, God choose some people to salvation, Those not chosen could never go to heaven"
Henry VIII,"Wanted to divorce his wife, wanted to marry Anne Boleyn, Pope refused, Act of Supremacy - monarch is head of church of England"
Mary,"Devoted catholic, known as Bloody Mary, cut heads off"
Prince Henry,"Sent ships to west coast of Africa to find a route to the east, interested in ships and sailing, never took a voyage, ""The navigator"""
Vasco da Gama,"Took fleet of four ships, loaded with cannons and trading goods, ""We come in search of Christian and spices"""
Christopher Columbus,"Thought westward trip was 2500 miles but was 10,000 miles, King didn't want him to go on trip, left in August of 1492"
Amerigo Vespucci,Sailed for Spain and Portugal and made maps
Juan Ponce de Leon,"Explored Puerto Rico for ""The Fountain of Youth"" but instead found Florida"
Vasco Nunez de Balboa,Searched for gold on the mainland and was the first European to see the Pacific Ocean
Ferdinand Magellan,Portuguese navigator that persuaded the Spanish king to explore the Pacific Ocean
Hernando Cortes,Sailed from Cuba to Mexico
Montezuma,Leader of the Aztecs who believed that the men were gods and sent gifts of gold
Francisco Pizarro,Permission to conquer South America and conquered the Incas
Atahualpa,Ruler of the Incas who was taken prisoner
Hernando de Soto,Explored Florida and the Carolinas but never found gold or riches
Pedro Cabral,Landed on the coast of Brazil
John Cabot,"Found New Foundland, was different than Columbus Islands"
Henry Hudson,"Took the ""Half Moon"" up the Hudson River and claimed the land for the Netherlands"
Jacques Cartier,Reached the St. Lawrence River - aka New France
Louis Joliet,Explored the Great Lakes and the Mississippi River with Jacques Marquette
Jacques Marquette,Explored the Great Lakes and the Mississippi River with Louis Joliet
Renaissance ideals,"Recovery of Classic Culture, art, literature, scholarship, new ideas."
Art,"Painted Greek mythology, roman history, renaissance politicians, patrons, ordinary everyday activities. Mostly for church. Oil paint."
Peace of Augsburg,1555 ended wars in Germany
Act of Supremacy,Monarch is head of church of England
The Council of Trent,"Only the church could explain the Bible, both faith and works are necessary for salvation, pope is highest and final authority of the church."
Effects of the Reformation,"Ended religious unity. Divided the Catholics and protestants. Encouraged education, study the Bible, starting school university."
Motivation for Exploration,"Gold, Glory, God"
Treaty of Tordesillas,Moved the Line of Demarcation west
Aztecs,Fought to get rid of the Spaniards. Three month siege
Incas,Had to be slaves and work for free and pay taxes
Treatment of Natives,Used as slaves. Protection laws were rarely enforced.
Dutch East India Company,Gained almost all ports in Asia. Only country to trade with Japan. Traded pepper and spices.
Reasons to Settle,"To escape religious conflicts, economic reasons, and land of opportunity"
The Big Three,"Michelangelo, Leonardo de Vinci, and Raphael"
Invincible Armada,The Spanish fleet of ships sent by Philip II in 1588 to invade England.
mystic,One who believes he or she can contact God through meditation.
Isabella and Ferdinand,The heirs to the two major kingdoms in Spain who married and took several steps to unify Spain.
Strong government,Isabella and Ferdinand won the support of the nobles by permitting marriage with the royal family and won the support of the Church.
Religious persecution,"Jews caught practicing Judaism were tortured and if they refused to be baptized then they were forced to leave. Muslims either had to convert or leave, but were allowed to keep many traditions."
Hurting Culture,The religious persecution greatly weakened Spain's economy.
Jews,Business leaders and merchants.
Muslims,Developed advanced farming methods.
Charles V,Grandson of Isabella and Ferdinand. Heir to Austrian lands and the Spanish empire. At the age of 6 he inherited the Netherlands. Crowned the Holy Roman Emperor. Efforts to unify and strengthen Spain.
Lutheran Princes,Refused to see Charles V as the Holy Roman Emperor.
Ottomans,Invaded central Europe and threatened the Hapsburg lands.
Ferdinand I,Brother of Charles V. Inherited the Hapsburg lands and the title of Holy Roman Emperor.
Philip II,"Son of Charles V. Inherited Spain, Netherlands, and the colonies in the America's. Wanted to build the power of Spain and the Roman Catholic Church. Banned Arabic writings."
Ottoman Pirates,"Philip II fought them with the Pope and the Republic of Venice and won at Lepanto, Greece. However they rebuilt their fleet and remained in power."
Portugal,Was conquered by Philip II after their king died and he was next in line to the throne. Philip II gained all the power of all the seas.
Netherlands,Taxes were raised by Philip II and a rebellion occurred which divided it into two parts.
England,Rivalry with Spain because of privateers and because they helped the Dutch.
English Navy,"Ships were smaller and quicker, had more skillful sailors, and sunk many ships."
Armada,The Armada was cut in half while returning to Spain.
Cervantes,"Wrote Don Quixote, the best known literary work of Spain's Golden Age."
El Greco,One of Spain's greatest painters. Painted saints and martyrs.
Jews,Who were business leaders and merchants?
Muslims,Who developed advanced farming methods?
The American Colonies,Where did Spain get its gold?
Spain and the Roman Catholic Church,What did Philip II want to strengthen?
The Invincible Armada,What was the fleet that fought England called?
Don Quixote,What was the most famous book?
Mystics,What were the people who believed that they could talk to God through meditation called?
Saints and Martyrs,What did El Greco paint?
Cost of war,Spain's weak economy couldn't support it.
Neglect of trade and industry,"Young men were encouraged to be soldiers or clergy, and men went to the Americas for wealth."
Changes in agriculture,"Farms were dedicated to sheep raisers, but there were too many sheep and they destroyed the fields, and there was a shortage of food."
Dependence on colonial wealth,"Gold and silver came from the Aztecs and the Incas. Paid for wars and food, but there was no investing. Pirates robbed them and made them poor."
Edict of Nantes,"The Huguenots were granted equal treatment under the law, equal opportunity to hold positions in the government, and freedom to practice their faith."
Thirty Years' War,A religious conflict between Protestants and Catholics that involved most of the major European states in a struggle over the balance of power in Europe.
balance of power,Keeping any one country from dominating the others.
Peace of Westphalia,"Ended the Thirty Year's War, allowing the German states to become virtually independent and France to become the dominant power in Europe."
Huguenots,French Protestants
St. Bartholomew's Day Massacre,"10,000 Huguenots were killed on the wedding day of Henry of Navarre."
French Monarch's,catholic
French nobles,protestant
Cardinal Richelieu,"Louis's chief minister. Wanted to strengthen the king's power in France, France's position in European affairs, and set up the balance of power."
Catholicism,Caused the Thirty Years' War
divine right,Ruler's power came from God and no one could question it.
Versailles,Royal family's home with hundreds of rooms. Took twenty years to build.
Peace of Utrecht,
War of the Spanish Succession,
Cardinal Mazarin,"New chief minister of France, trained by Richelieu."
Henry IV,Tried to restore peace after years of violence. Was murdered by a religious fanatic.
Sun King,Another name for Louis XIV.
Louis XIV,Raised taxes. Theorized the divine right. Built Versailles.
French,Diplomatic language of Europe.
Jean Baptiste Colbert,Minister of finance in France. Established French colonies in the Americas. Improved taxation methods.
Petition of Right,A document signed by Charles I that limited the power of the English monarch and granted the people specific rights.
habeas corpus,The principle stating that no person can be kept in prison unless charged with a specific crime.
English Civil War,The struggle between the supporters of Charles I and the supporters of Parliament over proposed reforms of the military and the Church of England.
Commonwealth,The republican government established in England by Cromwell after the English Civil War.
Restoration,"The period following the English Civil War, during which Charles II reigned in England."
Glorious Revolution,The change of monarchs in England which James II was removed from power and Parliament offered the throne to Mary and William of Orange.
English Bill of Rights,Gave Parliament some power over the monarch and strengthened the rights of individuals.
