
<SkinObject CLASS="form"
  kind=Border
  backalign=tiled
>
        <SkinObject CLASS="top_edge"
          height=27
          kind=Border
          align=top
          backalign=tiled
        >
                <SkinObject CLASS="for_menu"
                  width=25
                  kind=SysMenu
                  BackgroundRect=paper.bmp 0 0 25 27
                  align=left
                  backalign=tiled
                  transparency=0%
                  OnMouseOut = "stop object ; MorphToRect paper.bmp 0 0 25 27 2000"
                  OnMouseIn = "stop object ; MorphToRect paper-active.bmp 0 0 25 27 500"
                >
                        <SkinObject
                          left=20%+0
                          top=0
                          right=100%+0
                          bottom=23
                          width=1
                          kind=Border
                          backalign=tiled
                          transparency=0%
                          bgcolor=67941
                        >
                        </SkinObject>

                </SkinObject>

                <SkinObject
                  width=29%+0
                  kind=Caption
                  align=left
                  backalign=tiled
                  OnMouseOut = "stop;moveto - - - - 30% - 500 accel "
                  OnMouseIn = "stop;moveto - - - - 100%-70 - 500 accel "
                >
                        <SkinObject CLASS="title"
                          left=3
                          top=3
                          right=100%-3
                          bottom=21
                          kind=Title
                          BackgroundRect=paper.bmp 219 1 221 21
                          backalign=tiled
                          transparency=0%
                          color=16744448
                          OnMouseOut = " Stop object ; ColorTo  16744448 - 255 2000 "
                          OnMouseIn = " Stop object ; ColorTo  8388608 - 255 500 "
                        >
                                <SkinObject
                                  left=20%+0
                                  top=20%+0
                                  right=80%+0
                                  bottom=80%+0
                                  width=1
                                  kind=Border
                                  align=left
                                  backalign=tiled
                                  transparency=0%
                                  bgcolor=16512
                                >
                                </SkinObject>

                                <SkinObject
                                  left=20%+0
                                  top=20%+0
                                  right=80%+0
                                  bottom=80%+0
                                  width=1
                                  kind=Border
                                  align=right
                                  backalign=tiled
                                  transparency=0%
                                  bgcolor=16512
                                >
                                </SkinObject>

                                <SkinObject
                                  left=20%+0
                                  top=20%+0
                                  right=80%+0
                                  bottom=80%+0
                                  height=1
                                  kind=Border
                                  align=bottom
                                  backalign=tiled
                                  transparency=0%
                                  bgcolor=16512
                                >
                                </SkinObject>

                                <SkinObject
                                  left=20%+0
                                  top=20%+0
                                  right=80%+0
                                  bottom=80%+0
                                  height=1
                                  kind=Border
                                  align=top
                                  backalign=tiled
                                  transparency=0%
                                  bgcolor=16512
                                >
                                </SkinObject>

                        </SkinObject>

                        <SkinObject
                          left=0
                          top=23
                          right=100%+0
                          height=4
                          kind=Border
                          BackgroundRect=paper.bmp 24 23 180 27
                          backalign=tiled
                          transparency=0%
                        >
                        </SkinObject>

                </SkinObject>

                <SkinObject
                  kind=Close
                  BackgroundRect=paper.bmp 218 0 243 27
                  align=left
                  backalign=tiled
                  transparency=0%
                  OnMouseOut = "stop object ; MorphToRect paper.bmp 218 0 243 27 2000"
                  OnMouseIn = "stop object ; MorphToRect paper-active.bmp 218 0 243 27 500"
                >
                        <SkinObject
                          left=0
                          top=0
                          bottom=23
                          width=1
                          kind=Border
                          backalign=tiled
                          transparency=0%
                          bgcolor=1869
                        >
                        </SkinObject>

                </SkinObject>

                <SkinObject CLASS="right appendix"
                  height=7
                  kind=Border
                  align=bottom
                  backalign=tiled
                >
                        <SkinObject CLASS="right corner"
                          kind=TopRight
                          BackgroundRect=paper.bmp 313 20 320 27
                          align=right
                          backalign=tiled
                          transparency=0%
                        >
                        </SkinObject>

                        <SkinObject CLASS="top"
                          kind=Top
                          BackgroundRect=paper.bmp 243 20 247 27
                          align=client
                          backalign=tiled
                          transparency=0%
                        >
                        </SkinObject>

                </SkinObject>

        </SkinObject>

        <SkinObject CLASS="bottom_edge"
          height=7
          kind=Border
          align=bottom
          backalign=tiled
        >
                <SkinObject
                  kind=BottomLeft
                  BackgroundRect=paper.bmp 0 193 8 200
                  align=left
                  backalign=tiled
                  transparency=0%
                >
                </SkinObject>

                <SkinObject
                  kind=BottomRight
                  BackgroundRect=paper.bmp 313 193 320 200
                  align=right
                  backalign=tiled
                  transparency=0%
                >
                </SkinObject>

                <SkinObject
                  kind=Bottom
                  BackgroundRect=paper.bmp 8 193 12 200
                  align=client
                  backalign=tiled
                  transparency=0%
                >
                </SkinObject>

        </SkinObject>

        <SkinObject
          kind=Left
          BackgroundRect=paper.bmp 0 28 7 32
          align=left
          backalign=tiled
          transparency=0%
        >
        </SkinObject>

        <SkinObject
          kind=Right
          BackgroundRect=paper.bmp 313 28 320 32
          align=right
          backalign=tiled
          transparency=0%
        >
        </SkinObject>

        <SkinObject CLASS="client"
          kind=Client
          BackgroundRect=paper.bmp 146 68 155 77
          align=client
          backalign=tiled
          transparency=0%
          bgcolor=128
        >
                <SkinObject
                  left=0
                  top=0
                  right=100%+0
                  height=16
                  kind=Border
                  BackgroundRect=paper-active.bmp 219 2 221 21
                  backalign=stretched
                  transparency=53%
                  bgcolor=12820148
                  OnDeactivate = "  stop object ; colorto - - 0 2000 ;
moveto - - - - - 16 1000 decel
"
                  OnActivate = "  stop object ; colorto - - 119 2000 ;
moveto - - - - - 50 1000 decel"
                  OnCreate = " stop object ; 
moveto - - - - - 50 1000 decel;
colorto - - 255 300 ; 
wait 300 ; 
colorto - - 119 2000;
"
                >
                </SkinObject>

                <SkinObject
                  left=0
                  right=100%+0
                  bottom=100%+0
                  height=16
                  kind=Border
                  BackgroundRect=paper-active.bmp 219 3 221 21
                  backalign=stretched
                  transparency=53%
                  bgcolor=8031880
                  OnActivate = "stop object ; colorto - - 119 2000 ;
moveto - - - - - 50 1000 decel
"
                  OnDeactivate = "stop object ; 
colorto - - 0 2000 ;
moveto - - - - - 16 1000 decel
"
                  OnCreate = "stop object ; 
moveto - - - - - 50 1000 decel;
colorto - - 255 300 ; 
wait 300 ; 
colorto - - 119 2000;
"
                >
                </SkinObject>

        </SkinObject>

</SkinObject>

