<?xml version="1.0" encoding="UTF-8" ?>
<!-- AIM Xpressionz Created By: Seven -->
<DOCUMENT EXPIRATION="06/30/2007" PackageType="07" SLEVEL="00" ID="kc5cafd0-46f9-48ac-9e61-25acm5s236ud">
<THEME ID="0b7e0509-fec8-4839-a750-i6832a347a0g">
<NAME LANG="EN" TEXT="" />
<SET ID="AIM-STANDARD" TYPE="SMILEYSET" />
<SET ID="AIM-STANDARD" TYPE="SoundSet" />
<SET ID="" TYPE="DisplaySet" />
</THEME>
<RESSET TYPE="DISPLAYSET" ID="">
<NAME LANG="EN" TEXT="" />
<RESREC TYPE="Display" ID="BLBKGND" BART="TA146BH==" FILE="" />
<!-- includes BLFILLCOLOR, BLCONTENTBAR -->
<RESREC TYPE="Display" ID="BUDDYSKIN" BART="TA146BH==" FILE="blskin.xml" />
<RESREC TYPE="Display" ID="IMICON" BART="TA146BH==" FILE="" />
<!--  includes IMCONTENT -->
<RESREC TYPE="Display" ID="IMSKIN" BART="TA146BH==" FILE="imskin.xml" />
<RESREC TYPE="Display" ID="IMBKGND" BART="TA146BH==" FILE="" /><RESREC TYPE="Display" ID="BLIMAGE" BART="TA146BH==" FILE="" />
<RESREC TYPE="Display" ID="IMMIICON" BART="TA146BH==" FILE="" />
</RESSET>
</DOCUMENT> 
